{
  "base_rate": 0.8466544633195547,
  "blended_gate_passed": true,
  "by_tone": {
    "deep": {
      "bayesian": {
        "pairwise": 0.6339113680154143,
        "roc_auc": 0.6506256297184716
      },
      "blended": {
        "pairwise": 0.630057803468208,
        "roc_auc": 0.6488227082958952
      },
      "low_n": false,
      "model": {
        "pairwise": 0.5812459858702633,
        "roc_auc": 0.6421482814112156
      },
      "n": 4935,
      "popularity": {
        "pairwise": 0.6082209377007065,
        "roc_auc": 0.6513301404040833
      }
    },
    "light": {
      "bayesian": {
        "pairwise": 0.6102853486139794,
        "roc_auc": 0.658233509968213
      },
      "blended": {
        "pairwise": 0.6133104511475028,
        "roc_auc": 0.656358880103228
      },
      "low_n": false,
      "model": {
        "pairwise": 0.5767038017394339,
        "roc_auc": 0.6481229335368488
      },
      "n": 95768,
      "popularity": {
        "pairwise": 0.5961488117746299,
        "roc_auc": 0.6637324053749909
      }
    },
    "medium": {
      "bayesian": {
        "pairwise": 0.6033177064551027,
        "roc_auc": 0.6747313851079157
      },
      "blended": {
        "pairwise": 0.6036182233441519,
        "roc_auc": 0.6717949152053144
      },
      "low_n": false,
      "model": {
        "pairwise": 0.5943021997836279,
        "roc_auc": 0.6686350925236525
      },
      "n": 65144,
      "popularity": {
        "pairwise": 0.5928597187161918,
        "roc_auc": 0.6810463201951641
      }
    },
    "unknown": {
      "bayesian": {
        "pairwise": 0.6041108132260947,
        "roc_auc": 0.7003528577356077
      },
      "blended": {
        "pairwise": 0.5915996425379804,
        "roc_auc": 0.6958250233027654
      },
      "low_n": false,
      "model": {
        "pairwise": 0.6023235031277927,
        "roc_auc": 0.709936731742836
      },
      "n": 7968,
      "popularity": {
        "pairwise": 0.5915996425379804,
        "roc_auc": 0.7152441085311325
      }
    }
  },
  "gate_passed": false,
  "n_test": 173815,
  "n_train": 518437,
  "pooled": {
    "bayesian": {
      "pairwise": 0.6086394205897568,
      "roc_auc": 0.666130337357042
    },
    "blended": {
      "pairwise": 0.6101569236075185,
      "roc_auc": 0.6638088051038534
    },
    "model": {
      "pairwise": 0.5831608898085877,
      "roc_auc": 0.6590861791972377
    },
    "popularity": {
      "pairwise": 0.5959906880496637,
      "roc_auc": 0.6722016750439468
    }
  },
  "popularity_weight": 0.2,
  "reviews_dropped_no_catalog": 234171
}
